Date,Country,Agency,Rating,PrevRating,RatingChanged
2025-05-23,Italy,Moody's,Baa3 (Positive),,True
2025-05-16,United States,Moody's,Aa1 (Stable),,True
2025-05-09,Germany,Moody's,Aaa (Stable),,True
2025-04-11,Italy,S&P,BBB+ (Stable),,True
2024-12-14,France,Moody's,Aa3 (Stable),,True
2024-10-25,France,Moody's,Aa2 (Negative),Aa3 (Stable),True
2024-05-31,France,S&P,AA- (Stable),,True
2023-11-17,Italy,Moody's,Baa3 (Stable),Baa3 (Positive),True
2023-11-10,United States,Moody's,Aaa (Negative),Aa1 (Stable),True
2023-04-28,France,Fitch,AA- (Stable),,True
2023-02-10,Germany,Moody's,Aaa (Stable),Aaa (Stable),False
2022-12-02,France,S&P,AA (Negative),AA- (Stable),True
2022-12-02,France,Moody's,Aa2 (Stable),Aa2 (Negative),True
2022-08-05,Italy,Moody's,Baa3 (Negative),Baa3 (Stable),True
2022-07-26,Italy,S&P,BBB (Stable),BBB+ (Stable),True
2022-06-24,United States,Moody's,Aaa (Stable),Aaa (Negative),True
2021-12-03,Italy,Fitch,BBB (Stable),,True
2021-10-22,Italy,S&P,BBB (Positive),BBB (Stable),True
2021-01-29,Germany,Moody's,Aaa (Stable),Aaa (Stable),False
2020-11-06,Italy,Moody's,Baa3 (Stable),Baa3 (Negative),True
2020-10-23,Italy,S&P,(Stable),BBB (Positive),True
2020-06-19,United States,Moody's,Aaa (Stable),Aaa (Stable),False
2020-05-15,France,Fitch,AA,AA- (Stable),True
2020-04-28,Italy,Fitch,BBB- (Stable),BBB (Stable),True
2020-03-26,United States,Fitch,AAA,,True
2020-02-21,France,Moody's,Aa2 (Stable),Aa2 (Stable),False
2020-02-07,Italy,Fitch,BBB,BBB- (Stable),True
2020-01-17,Germany,Fitch,AAA,,True
,France,Fitch,,AA,True
,France,Fitch,,,False
,France,Fitch,,,False
,Germany,Fitch,,AAA,True
,Germany,Fitch,,,False
,Italy,Fitch,,BBB,True
,Italy,Fitch,,,False
